id,category,title,price
g-75-st-75-d48d4ffa,equipment-accessories-foam,Насадка для пены G-75 Синяя (аналог ST - 75),0
g-75-st-75-436fa8fb,equipment-accessories-foam,Насадка для пены G-75 Синяя (аналог ST - 75),0
g-75-st-75-451b499c,equipment-accessories-foam,Насадка для пены G-75 Черная (аналог ST-75),0
g-75-st-75-8c05ec95,equipment-accessories-foam,Насадка для пены G-75 Черная (аналог ST-75),0
akvilon-ar2-c-1-220e38dc,equipment-accessories-foam,Пенная насадка AKVILON AR2 c бачком 1л,0
akvilon-ar2-c-1-2b957b24,equipment-accessories-foam,Пенная насадка AKVILON AR2 c бачком 1л,0
akvilon-ls-3-14-1-42f6b8da,equipment-accessories-foam,"Пенная насадка AKVILON LS 3 вход 14г, с бачком 1л",0
akvilon-ls-3-14-1-12487545,equipment-accessories-foam,"Пенная насадка AKVILON LS 3 вход 14г, с бачком 1л",0
fl-803-1-4-32ced784,equipment-accessories-foam,"Пенная насадка FL 803, 1-4 г",0
ls-1-3ec30c9e,equipment-accessories-foam,Пенная насадка LS 1 низкого давления с пистолетом,0
ls-10-2-38-6bfdf2fc,equipment-accessories-foam,Пенная насадка LS 10 - Пенная насадка с бачком 2 л. вход 38 ш,0
akvilon-st-75-14-1-2-bc384004,equipment-accessories-foam,"Пенообразующая насадка AKVILON (аналог ST-75) вход 14 г.форс 1,2 мм",0
akvilon-st-75-14-1-2-89017715,equipment-accessories-foam,"Пенообразующая насадка AKVILON (аналог ST-75) вход 14 г.форс 1,2 мм",0
akvilon-f1-1-2-310-bar-1-4-f-14349c8d,equipment-accessories-foam,"Пенообразующая насадка AKVILON F1 с форсункой 1.2мм, 310 bar, 1-4 F, латунь",0
akvilon-f1-1-2-310-bar-1-4-f-82692f51,equipment-accessories-foam,"Пенообразующая насадка AKVILON F1 с форсункой 1.2мм, 310 bar, 1-4 F, латунь",0
fl3-1-4-2922e240,equipment-accessories-foam,"Пенообразующая насадка FL3, 1-4 г",0
ls12-1-4-3-8-5c7c6bff,equipment-accessories-foam,Пенообразующая насадка LS12 с наружным эжектором; вход 1-4г - 3-8ш-ш. (красный),0
ls12-1-4-3-8-0ff2a5f1,equipment-accessories-foam,Пенообразующая насадка LS12 с наружным эжектором; вход 1-4г - 3-8ш-ш. (черный),0
ls3-1-bad4164b,equipment-accessories-foam,Пенообразующая насадка с бачком LS3-1,0
700-2-5-fl3-1-4-3630e6e6,equipment-accessories-foam,"Удлинитель 700 мм нерж. с эжектором Ø2,5, и пенная насадка FL3, вход 1-4 ш",0
rl-26-22x1-5-1-4-3fe8ce4b,equipment-accessories-guns,"Курок распылительный RL 26. вход 22x1,5ш; выход 1-4г",0
rl-30-sw6-22x1-5-1-4-9a4cc31c,equipment-accessories-guns,Курок распылительный RL 30 + поворот.фит.SW6. вход 22x1.5ш; выход 1-4г,0
rl-30-22x1-5-1-4-6cf1f858,equipment-accessories-guns,"Курок распылительный RL 30. вход 22x1,5ш; выход 1-4г",0
rl-34-140-1-2-ars178-a5a48b33,equipment-accessories-guns,"Курок распылительный RL 34 с поворотным фитингом, нерж. сталь, 140 бар; вход 1-2г, выход ARS178",0
rl-51-3-8-1-4-624bbca8,equipment-accessories-guns,Курок распылительный RL 51 вход 3-8г; выход 1-4г,0
rl-57-550-3-8-1-4-b58d5d05,equipment-accessories-guns,"Курок распылительный RL 57, нерж. сталь, 550 бар; вход 3-8г, выход 1-4г",0
rl-82-140-1-2-1-2-1361e79a,equipment-accessories-guns,"Курок распылительный RL 82 с поворотным фитингом, нерж. сталь, 140 бар; вход 1-2г, выход 1-2г",0
rl-26-sw6-3-8-1-4-db81f9d6,equipment-accessories-guns,Курок распылительный с дренажем на низком давлени RL 26 + поворот.фит.SW6. вход 3-8г; выход 1-4г,0
mv925-971ebb63,equipment-accessories-guns,Пистолет MV925 с копьем и форсункой,0
s-g04-c-9ceae18a,equipment-accessories-guns,Пистолет SРG04 c копьем и форсункой,0
st-2300-a2cd1341,equipment-accessories-guns,Пистолет st 2300 с копьем и форсункой,0
mv925-0f77d07f,equipment-accessories-guns,Пистолет высокого давления MV925 без вращения,0
mv925-8556b317,equipment-accessories-guns,Пистолет высокого давления MV925 вращающийся,0
st-2300-c9476d3c,equipment-accessories-guns,Пистолет высокого давления ST-2300 без вращения,0
st-2300-ba2314d3,equipment-accessories-guns,Пистолет высокого давления ST-2300 с вращением,0
akvilon-st-2300-75c52ddf,equipment-accessories-guns,Пистолет для пены AKVILON ST-2300,0
rb-35-50-12-50-1-2-cb00c69d,equipment-accessories-guns,Размывочный пистолет RB 35. 50 лмин; 12 бар; 50град; вход 1-2г поворот. фитинг,0
rb-35-50-12-80-1-2-fdbf5f81,equipment-accessories-guns,Размывочный пистолет RB 35. 50 лмин; 12 бар; 80град; вход 1-2г поворот. фитинг,0
rb-65-60-24-90-1-2-679419f6,equipment-accessories-guns,Размывочный пистолет RB 65. 60 лмин; 24 бар; 90град; вход 1-2г с поворотным фитингом,0
rb-65-100-24-90-1-2-1-2-c854ee5c,equipment-accessories-guns,Размывочный пистолет RB 65; 100 лмин; 24 бар; 90град; вход 1-2г с поворотным фитингом; выход 1-2г,0
rl-300-22-1-5-22-1-5-7aff4fd8,equipment-accessories-guns,"Распылительный пистолет RL 300 вход М22х1,5ш; выход М22х1,5г",0
2sc-dn-10-500-150-c-df862dc1,equipment-accessories-hoses,Шланг 2SC DN 10 красный 500 бар +150 °C,0
61-19x28-40-40-c-1eb52a2c,equipment-accessories-hoses,"Шланг 61 ¾” 19X28 мм гибкий пищевой, армированный капроновой нитью, пластик, 40 бар 40°C",0
71-12-13x22-80-80-c-451eee34,equipment-accessories-hoses,"Шланг 71 12” 13x22мм гибкий высокого давления, армированный капроновой нитью, пластик, 80 бар 80°C",0
8-22-1-5-1-4-c2264f38,equipment-accessories-hoses,"Шланг 8 м, вход 22х1,5 г, выход 1-4 г",0
40-38-2-5-8584ac0f,equipment-accessories-hoses,"Шланг всасывающий метражом; Д.40 (38)мм.( кратно 2,5м)",0
1sn4-532-300-150-068e0f76,equipment-accessories-hoses,Шланг высокого давления 1SN4 532' 300 бар 150 С,0
2sn8-516-600-150-2c8cd750,equipment-accessories-hoses,Шланг высокого давления 2SN8 516 600 бар 150 С,0
1sc10-38-250-150-c-c7c8040b,equipment-accessories-hoses,Шланг пищевой синий 1SC10 38 250 бар 150 °C,0
1sn12-180-150-6a4ff99f,equipment-accessories-hoses,"Шланг пищевой синий 1SN12, 180 бар, 150 гр. С",0
2sn12-300-150-c-aquastrong-8d733dff,equipment-accessories-hoses,"Шланг пищевой синий 2SN12, 300 бар, 150°C, AQUASTRONG",0
2-35-21b2a6a4,equipment-accessories-hoses,Шланг с коннекторами 2 м с изогнутой ручкой (Ø 35 мм),0
l-100-m-1-4-a4c34376,equipment-accessories-lances,"Копье L=100сm (изогнутое), с защитой форсунки, 1-4внеш, оцинк.сталь",0
l-120-m-1-4-c5ac9505,equipment-accessories-lances,"Копье L=120сm (изогнутое), с защитой форсунки, 1-4внеш, оцинк.сталь",0
l-150-m-1-4-2bcaad47,equipment-accessories-lances,"Копье L=150сm (изогнутое), с защитой форсунки, 1-4внеш, оцинк.сталь",0
l-200-m-1-4-6085568f,equipment-accessories-lances,"Копье L=200сm (изогнутое), с защитой форсунки, 1-4внеш, оцинк.сталь",0
l-50-m-1-4-a80a2167,equipment-accessories-lances,"Копье L=50сm (изогнутое), с защитой форсунки, 1-4внеш, оцинк.сталь",0
l-50-m-1-4-d61eee51,equipment-accessories-lances,"Копье L=50сm (прямое), с защитой форсунки, 1-4внеш, оцинк.сталь",0
l-60-m-1-4-b50d9f10,equipment-accessories-lances,"Копье L=60сm (изогнутое), с защитой форсунки, 1-4внеш, оцинк.сталь",0
l-60-m-1-4-72daf3c5,equipment-accessories-lances,"Копье L=60сm (прямое), с защитой форсунки, 1-4внеш, оцинк.сталь",0
l-70-m-1-4-a946855b,equipment-accessories-lances,"Копье L=70сm (изогнутое), с защитой форсунки, 1-4внеш, оцинк.сталь",0
l-70-m-1-4-7742110e,equipment-accessories-lances,"Копье L=70сm (прямое), с защитой форсунки, 1-4внеш, оцинк.сталь",0
l-80-m-1-4-da8a4dfd,equipment-accessories-lances,"Копье L=80сm (изогнутое), с защитой форсунки, 1-4внеш, оцинк.сталь",0
l-80-m-1-4-9eb90e9e,equipment-accessories-lances,"Копье L=80сm (прямое), с защитой форсунки, 1-4внеш, оцинк.сталь",0
l-90-m-1-4-05b76155,equipment-accessories-lances,"Копье L=90сm (изогнутое), с защитой форсунки, 1-4внеш, оцинк.сталь",0
l-90-m-1-4-12eb816b,equipment-accessories-lances,"Копье L=90сm (прямое), с защитой форсунки, 1-4внеш, оцинк.сталь",0
120-1-4-345-bar-bacabc74,equipment-accessories-lances,"Копье изогнутое без форсункодержателя 120см, 1-4внеш, нерж.сталь, 345 bar",0
150-1-4-345-bar-4c4d7245,equipment-accessories-lances,"Копье изогнутое без форсункодержателя 150см, 1-4внеш, нерж.сталь, 345 bar",0
200-1-4-345-bar-5151abad,equipment-accessories-lances,"Копье изогнутое без форсункодержателя 200см, 1-4внеш, нерж.сталь, 345 bar",0
50-1-4-345-bar-73f69c4f,equipment-accessories-lances,"Копье изогнутое без форсункодержателя 50см, 1-4внеш, нерж.сталь, 345 bar",0
70-1-4-345-bar-05d8e8e7,equipment-accessories-lances,"Копье изогнутое без форсункодержателя 70см, 1-4внеш, нерж.сталь, 345 bar",0
90-1-4-345-bar-aed711ec,equipment-accessories-lances,"Копье изогнутое без форсункодержателя 90см, 1-4внеш, нерж.сталь, 345 bar",0
l-40-1-4-645b5a63,equipment-accessories-lances,"Копье литое L=40см (прямое) , 1-4внеш, нерж. сталь",0
l-50-1-4-6c17c8b2,equipment-accessories-lances,"Копье литое L=50см (прямое) , 1-4внеш, нерж. сталь",0
l-60-1-4-fe7b43e6,equipment-accessories-lances,"Копье литое L=60см (прямое) , 1-4внеш, нерж. сталь",0
l-70-1-4-4eabfb9f,equipment-accessories-lances,"Копье литое L=70см (прямое) , 1-4внеш, нерж. сталь",0
l-90-1-4-6cba60e2,equipment-accessories-lances,"Копье литое L=90см (прямое) , 1-4внеш, нерж. сталь",0
300-1-4-7259d661,equipment-accessories-lances,Удлинитель 300 мм; 1-4ш-ш (нерж),0
500-1-4-a3ce27e4,equipment-accessories-lances,Удлинитель 500 мм; 1-4ш-ш (нерж),0
90-900-22-1-5-1-4-ad658b9f,equipment-accessories-lances,"Удлинитель для мойки днища (90 град) 900 мм; вход М22х1,5ш; выход 1-4г",0
1050-550-1-4-1-4-74eb001e,equipment-accessories-lances,Удлинитель с термозащитой 1050 мм; 550 бар; красная защита вход 1-4ш; выход 1-4ш (нерж),0
sf12-500-1-4-1-4-a6c79560,equipment-accessories-lances,"Удлинитель с термозащитой SF12, 500 мм; вход 1-4ш; выход 1-4ш изогнутый",0
sf12-700-1-4-1-4-d0d4b641,equipment-accessories-lances,"Удлинитель с термозащитой SF12, 700 мм; вход 1-4ш; выход 1-4ш изогнутый",0
sf12-900-1-4-1-4-8a378f96,equipment-accessories-lances,"Удлинитель с термозащитой SF12, 900 мм; вход 1-4ш; выход 1-4ш изогнутый",0
1200-1-4-1-4-7ca95c2e,equipment-accessories-lances,Удлинитель с термозащитой и форсункодержателем 1200 мм; вход 1-4ш; выход 1-4г изогнутый,0
1500-1-4-1-4-507c4a98,equipment-accessories-lances,Удлинитель с термозащитой и форсункодержателем 1500 мм; вход 1-4ш; выход 1-4г изогнутый,0
2000-1-4-1-4-dbe90984,equipment-accessories-lances,Удлинитель с термозащитой и форсункодержателем 2000 мм; вход 1-4ш; выход 1-4г изогнутый,0
700-1-4-1-4-09438f23,equipment-accessories-lances,Удлинитель с термозащитой и форсункодержателем 700 мм; вход 1-4ш; выход 1-4г изогнутый,0
900-1-4-1-4-9c8759f0,equipment-accessories-lances,Удлинитель с термозащитой и форсункодержателем 900 мм; вход 1-4ш; выход 1-4г изогнутый,0
sf40-500-1-4-1-4-57796e21,equipment-accessories-lances,"Удлинитель с термозащитой и форсункодержателем SF40, 500 мм; вход 1-4 ш.; выход 1-4г изогнутый нерж",0
sf40-700-1-4-1-4-3a61e7d9,equipment-accessories-lances,"Удлинитель с термозащитой и форсункодержателем SF40, 700 мм; вход 1-4 ш.; выход 1-4г изогнутый нерж",0
sf40-900-1-4-1-4-d704e17e,equipment-accessories-lances,"Удлинитель с термозащитой и форсункодержателем SF40, 900 мм; вход 1-4 ш.; выход 1-4г изогнутый нерж",0
400-rl-84-rl-204-1-2-1-4-500-be251f6f,equipment-accessories-lances,Удлиннитель с рукояткой 400мм для RL 84 - RL 204; 1-2ш-1-4г. 500 бар,0
akvilon-035-14-350-7eb7fe89,equipment-accessories-mud,Наконечник для турбофрезы AKVILON 035; вход 14г; 350 бар,0
akvilon-045-14-280-42703c31,equipment-accessories-mud,Наконечник для турбофрезы AKVILON 045; вход 14г; 280 бар,0
akvilon-050-14-280-e308fb32,equipment-accessories-mud,Наконечник для турбофрезы AKVILON 050; вход 14г; 280 бар,0
akvilon-055-14-350-1a802b9c,equipment-accessories-mud,Наконечник для турбофрезы AKVILON 055; вход 14г; 350 бар,0
ur16-020-1-4-160-605de0b6,equipment-accessories-mud,Наконечник для турбофрезы UR16 - 020; вход 1-4г; 160 бар,0
ur16-080-1-4-160-535f7ca9,equipment-accessories-mud,Наконечник для турбофрезы UR16 - 080; вход 1-4г; 160 бар,0
ur25-030-1-4-250-49ac7edc,equipment-accessories-mud,Наконечник для турбофрезы UR25 - 030; вход 1-4г; 250 бар,0
ur25-035-1-4-250-1f560630,equipment-accessories-mud,Наконечник для турбофрезы UR25 - 035; вход 1-4г; 250 бар,0
ur25-040-1-4-250-11df48dd,equipment-accessories-mud,Наконечник для турбофрезы UR25 - 040; вход 1-4г; 250 бар,0
ur25-045-1-4-250-2a2a024b,equipment-accessories-mud,Наконечник для турбофрезы UR25 - 045; вход 1-4г; 250 бар,0
ur25-050-1-4-250-aab4d376,equipment-accessories-mud,Наконечник для турбофрезы UR25 - 050; вход 1-4г; 250 бар,0
ur25-055-1-4-250-12a6e868,equipment-accessories-mud,Наконечник для турбофрезы UR25 - 055; вход 1-4г; 250 бар,0
ur25-070-1-4-250-3d7aa00f,equipment-accessories-mud,Наконечник для турбофрезы UR25 - 070; вход 1-4г; 250 бар,0
ur32-035-1-4-350-5917c7cc,equipment-accessories-mud,Наконечник для турбофрезы UR32 - 035; вход 1-4г; 350 бар,0
ur32-045-1-4-350-63738ac5,equipment-accessories-mud,Наконечник для турбофрезы UR32 - 045; вход 1-4г; 350 бар,0
ur32-050-1-4-350-606de4c7,equipment-accessories-mud,Наконечник для турбофрезы UR32 - 050; вход 1-4г; 350 бар,0
030-22-1-5-250-02fc32bd,equipment-accessories-mud,"Турбофреза 030 (белый); вход М22х1,5ш; 250 бар",0
035-22-1-5-250-71596df7,equipment-accessories-mud,"Турбофреза 035 (коричневый); вход М22х1,5ш; 250 бар",0
045-22-1-5-250-eef205ca,equipment-accessories-mud,"Турбофреза 045 (голубой); вход М22х1,5ш; 250 бар",0
055-22-1-5-250-201953be,equipment-accessories-mud,"Турбофреза 055 (т.красный) вход М22х1,5ш; 250 бар",0
070-22-1-5-250-d3170d5b,equipment-accessories-mud,"Турбофреза 070 (оранжевый) вход М22х1,5ш; 250 бар",0
tpr600-030-1-4-600-795ce791,equipment-accessories-mud,"Турбофреза TPR600 030; нж, вход 1-4г; 600 бар",0
tpr600-035-1-4-600-88ae4f98,equipment-accessories-mud,"Турбофреза TPR600 035; нж, вход 1-4г; 600 бар",0
tpr600-040-1-4-600-0bf3005f,equipment-accessories-mud,"Турбофреза TPR600 040; нж, вход 1-4г; 600 бар",0
tpr600-045-1-4-600-495d52f9,equipment-accessories-mud,"Турбофреза TPR600 045; нж, вход 1-4г; 600 бар",0
tpr600-050-1-4-600-7228c5ae,equipment-accessories-mud,"Турбофреза TPR600 050; нж, вход 1-4г; 600 бар",0
tpr600-055-1-4-600-070a11e8,equipment-accessories-mud,"Турбофреза TPR600 055; нж, вход 1-4г; 600 бар",0
comet-tpr-255-fp-055-340-1-4-41c4c782,equipment-accessories-mud,"Турбофреза с удлинителем Comet TPR 255 - FP 055 , 340мм; вход 1-4 ш",0
comet-tpr-255-fp-45-340-1-4-4b6f3a72,equipment-accessories-mud,"Турбофреза с удлинителем Comet TPR 255 - FP 45 , 340 мм; вход 1-4 ш.(г.)",0
mv114-07209abd,equipment-accessories-nozzles,"Держатель форсунки MV114, нержавеющая сталь, красный",0
mv114-4a8f46f4,equipment-accessories-nozzles,"Держатель форсунки MV114, нержавеющая сталь, синий",0
mv114-179936d7,equipment-accessories-nozzles,"Держатель форсунки MV114, нержавеющая сталь, черный",0
st-10-20e160cb,equipment-accessories-nozzles,Держатель форсунки ST-10 нержавеющая сталь,0
item-fe416168,equipment-accessories-nozzles,"Пластиковая защита форсункодержателя красная,синия,белая, черная",0
item-cedaf2d7,equipment-accessories-nozzles,Пластиковая защита форсункодержателя серая,0
030-1-4-3r-447bc92a,equipment-accessories-nozzles,Форсунка каналопромывочная вращающаяся; сопло 030; вход 1-4г; бой 3R,0
030-1-8-3r-fa69f7e7,equipment-accessories-nozzles,Форсунка каналопромывочная вращающаяся; сопло 030; вход 1-8г; бой 3R,0
040-1-4-3r-87a7786c,equipment-accessories-nozzles,Форсунка каналопромывочная вращающаяся; сопло 040; вход 1-4г; бой 3R,0
040-1-8-3r-9681fb20,equipment-accessories-nozzles,Форсунка каналопромывочная вращающаяся; сопло 040; вход 1-8г; бой 3R,0
050-1-4-3r-958154f6,equipment-accessories-nozzles,Форсунка каналопромывочная вращающаяся; сопло 050; вход 1-4г; бой 3R,0
050-1-8-3r-2a3504dd,equipment-accessories-nozzles,Форсунка каналопромывочная вращающаяся; сопло 050; вход 1-8г; бой 3R,0
060-1-4-3r-e9482238,equipment-accessories-nozzles,Форсунка каналопромывочная вращающаяся; сопло 060; вход 1-4г; бой 3R,0
060-1-8-3r-ce71a711,equipment-accessories-nozzles,Форсунка каналопромывочная вращающаяся; сопло 060; вход 1-8г; бой 3R,0
070-1-4-3r-1ca37f5d,equipment-accessories-nozzles,Форсунка каналопромывочная вращающаяся; сопло 070; вход 1-4г; бой 3R,0
070-1-8-3r-946c4f76,equipment-accessories-nozzles,Форсунка каналопромывочная вращающаяся; сопло 070; вход 1-8г; бой 3R,0
030-st-4-1-4-3r-1f-4c0252c3,equipment-accessories-nozzles,Форсунка каналопромывочная сопло 030 ST 4; вход 1-4г; бой 3RХ1F,0
030-st-4-3-8-3r-1f-894075ea,equipment-accessories-nozzles,Форсунка каналопромывочная сопло 030 ST 4; вход 3-8г; бой 3RХ1F,0
040-st-4-1-4-3r-1f-bbac0dee,equipment-accessories-nozzles,Форсунка каналопромывочная сопло 040 ST 4; вход 1-4г; бой 3RХ1F,0
040-st-4-3-8-3r-1f-c5bccb8d,equipment-accessories-nozzles,Форсунка каналопромывочная сопло 040 ST 4; вход 3-8г; бой 3RХ1F,0
050-st-4-1-4-3r-1f-3785f644,equipment-accessories-nozzles,Форсунка каналопромывочная сопло 050 ST 4; вход 1-4г; бой 3RХ1F,0
050-st-4-3-8-3r-1f-e458c603,equipment-accessories-nozzles,Форсунка каналопромывочная сопло 050 ST 4; вход 3-8г; бой 3RХ1F,0
060-st-4-1-4-3r-1f-0721fbf6,equipment-accessories-nozzles,Форсунка каналопромывочная сопло 060 ST 4; вход 1-4г; бой 3RХ1F,0
060-st-4-3-8-3r-1f-2283ef80,equipment-accessories-nozzles,Форсунка каналопромывочная сопло 060 ST 4; вход 3-8г; бой 3RХ1F,0
350-15-a58d30ca,equipment-accessories-nozzles,Форсунки высокого давления 350 бар угол распыления 15гр,0
350-25-4b8b4986,equipment-accessories-nozzles,Форсунки высокого давления 350 бар угол распыления 25гр,0
350-40-7ef43e20,equipment-accessories-nozzles,Форсунки высокого давления 350 бар угол распыления 40гр,0
350-65-52f1c17a,equipment-accessories-nozzles,Форсунки высокого давления 350 бар угол распыления 65гр,0
1-4-1-4-0eb32c21,equipment-accessories-nozzles,"Форсункодержатель без форсунки, вход 1-4 ш, выход 1-4 г",0
kw-ars-25-1-4-47439d7b,equipment-accessories-quick,Байонет -KW- ARS 25 высокого давления синий (латунь); 1-4-ш-,0
ars-178-1-2-250-b751948d,equipment-accessories-quick,"Байонет ARS 178 высокого давления 1-2-г, 250 бар (нерж) в синем пластике-",0
ars-178-1-2-250-9d925b0c,equipment-accessories-quick,"Байонет ARS 178 высокого давления 1-2-г, 250 бар (нерж)-",0
kw-ars-25-1-4-2c794b2a,equipment-accessories-quick,Байонет KW ARS 25 высокого давления; 1-4ш,0
kw-ars-25-1-4-md85-300-102d-accf8f9a,equipment-accessories-quick,Байонет KW ARS 25 высокого давления; 1-4ш. MD85.300.102D,0
kw-ar4-1-4-47ab78e1,equipment-accessories-quick,Байонет KW высокого давления AR4 1-4ш,0
kw-ar4-1-4-2cacadc0,equipment-accessories-quick,Байонет KW высокого давления AR4 1-4ш. нерж,0
kw-280bar-1-4-f4cfef24,equipment-accessories-quick,"Муфта-байонет KW, 280bar, 1-4внеш, латунь (на себя)",0
kw-280bar-1-4-2047c597,equipment-accessories-quick,"Муфта-байонет KW, 280bar, 1-4внеш, нержавеющая сталь (на себя)",0
ts8-045-1-4-15-280-46033d86,equipment-accessories-sandblast,Насадка пескоструйная TS8-045; 1-4г. 15 лмин 280 бар,0
ts8-075-1-4-15-280-2e2c7dd5,equipment-accessories-sandblast,Насадка пескоструйная TS8-075; 1-4г. 15 лмин 280 бар — копия,0
lf-220-22x1-5-030-20-140-2a94f80d,equipment-accessories-sandblast,Насадка пескоструйная бытовая LF 220; 22x1.5ш 030 20 л.мин 140 бар,0
1-4-500-df3e5f9a,equipment-accessories-sandblast,Насадка пескоструйная; 1-4г. 500 бар,0
tps-560-1-4-560-ec74d983,equipment-accessories-sandblast,Пескоструйная насадка TPS 560 1-4 г. 560 бар нерж. плоская струя,0
sr-f7c7a28a,equipment-accessories-sandblast,Удлинитель для пескоструйной насадки SR нерж,0
s10-500-ts12-21-23582eb4,equipment-accessories-sandblast,Удлинитель телескопический S10 500мм для TS12; вход 21мм,0
akvilon-21-ebde024d,equipment-accessories-surface,Насадка для мойки пола AKVILON 21' нж вращающаяся,0
akivilon-38-38-3dab24e8,equipment-accessories-surface,Насадка металлическая AKIVILON 38 на колесах для очистки поверхностей 38 см,0
akvilon-20-18322e3c,equipment-accessories-surface,"Насадка металлическая на колесах для очистки поверхностей AKVILON 20, с ручкой и пистолетом",0
akvilon-24-964b0f74,equipment-accessories-surface,"Насадка металлическая на колесах для очистки поверхностей AKVILON 24, с ручкой и пистолетом",0
gr38-210-f19a4779,equipment-accessories-tank,Вращающаяся головка GR38 с плечом 210мм,0
gr38-210-bd0b3a1e,equipment-accessories-tank,Вращающаяся головка GR38 с плечом 210мм — копия,0
urf400-12-14-390-80-9b8f442e,equipment-accessories-tank,"Вращающийся фитинг URF400 для мойки; вход 12, выход 14г-г 390 бар 80 лмин",0
a30-r-18-4192910e,equipment-accessories-tank,Насадка для мойки емкостей A30 R с гидроприводом 18л,0
a30-r-25-f89d1183,equipment-accessories-tank,Насадка для мойки емкостей A30 R с гидроприводом 25л,0
a30-r-33-928004b6,equipment-accessories-tank,Насадка для мойки емкостей A30 R с гидроприводом 33л,0
ibcd-2-1-0-360-316lss-2-38bspp-24-8868d098,equipment-accessories-tank,Насадка для мойки емкостей IBCD-2-1.0-360°-316LSS-2- 38BSPP с двигателем 24 В,0
mp200-4-1-2-30-40-220-90-34-68ce06fe,equipment-accessories-tank,"Насадка для мойки емкостей MP200-4-1.2 с гидроприводом;30-40 лмин;220 бар;90 град,(нерж).вход 34 г",0
smp200-2-1-5-360-316lss-34bspp-40-83dbc7c9,equipment-accessories-tank,Насадка для мойки емкостей SMP200-2-1.5-360°-316LSS- 34BSPP 40 лмин,0
tcc2-3-1-2-60-304ss-14bspp-4d435e96,equipment-accessories-tank,Насадка для мойки емкостей TCC2-3-1.2-60°-304SS- 14BSPP,0
tcc5-2-1-0-120-304ss-38bspp-481911a9,equipment-accessories-tank,Насадка для мойки емкостей TCC5-2-1.0-120°-304SS- 38BSPP,0
63-63-7caad438,equipment-accessories-tank,"Самовращающиеся головки М63Е, М63Р для очистки цистерн",0
22-1-5-2-8c26977b,equipment-accessories-tank,"Устройство для чистки мусоропроводов вход 22х1,5 ш. выход 2 форсунки",0
aladin-foam-d-1-9280dcbb,equipment-chemistry,ALADIN FOAM D Автошампунь для бесконтактной мойки 1 л,0
aladin-foam-d-20-17ad5666,equipment-chemistry,ALADIN FOAM D Автошампунь для бесконтактной мойки 20кг,0
aladin-foam-d-5-fa9d66fb,equipment-chemistry,ALADIN FOAM D Автошампунь для бесконтактной мойки 5 кг,0
daerg-ros-1-a174c774,equipment-chemistry,DAERG ROS Автошампунь для бесконтактной мойки 1 л,0
daerg-ros-20-e996319b,equipment-chemistry,DAERG ROS Автошампунь для бесконтактной мойки 20кг,0
daerg-ros-5-5-849e3ea8,equipment-chemistry,DAERG ROS Автошампунь для бесконтактной мойки 5.5 кг,0
basic-auto-1-fb041232,equipment-chemistry,Автошампунь для бесконтактной мойки BASIC AUTO 1л,0
basic-auto-20-3cf8a646,equipment-chemistry,Автошампунь для бесконтактной мойки BASIC AUTO 20 кг,0
basic-auto-5-5-e14ef6bb,equipment-chemistry,Автошампунь для бесконтактной мойки BASIC AUTO 5.5 кг,0
comshine-1-bc0cb8b8,equipment-chemistry,Автошампунь для бесконтактной мойки ComShine 1 л,0
hand-neutro-1-48d384fe,equipment-chemistry,Автошампунь для бесконтактной мойки HAND NEUTRO +  1 л,0
hand-neutro-6-5ca6fc53,equipment-chemistry,Автошампунь для бесконтактной мойки HAND NEUTRO +  6 кг,0
hand-neutro-1-3858f0b4,equipment-chemistry,Автошампунь для бесконтактной мойки HAND NEUTRO 1 л,0
hand-neutro-20-bed26a52,equipment-chemistry,Автошампунь для бесконтактной мойки HAND NEUTRO 20 кг,0
hand-neutro-5-5-95a137d6,equipment-chemistry,Автошампунь для бесконтактной мойки HAND NEUTRO 5.5 кг,0
tenax-forte-1-12e665c5,equipment-chemistry,Автошампунь для бесконтактной мойки TENAX FORTE 1 л,0
tenax-forte-11-b4656030,equipment-chemistry,Автошампунь для бесконтактной мойки TENAX FORTE 11 кг,0
tenax-forte-19-dfa74f26,equipment-chemistry,Автошампунь для бесконтактной мойки TENAX FORTE 19 кг,0
tenax-forte-5-5-cd595ea1,equipment-chemistry,Автошампунь для бесконтактной мойки TENAX FORTE 5.5 кг,0
tenax-forte-new-1-352ee444,equipment-chemistry,Автошампунь для бесконтактной мойки TENAX FORTE NEW 1 л,0
tenax-forte-new-20-23dc63e1,equipment-chemistry,Автошампунь для бесконтактной мойки TENAX FORTE NEW 20 кг,0
tenax-forte-new-5-aacee56f,equipment-chemistry,Автошампунь для бесконтактной мойки TENAX FORTE NEW 5 кг,0
tenax-forte-plus-5-5-e3319aee,equipment-chemistry,Автошампунь для бесконтактной мойки TENAX FORTE PLUS 5.5 кг,0
comet-cps-35-bx-li-4f746148,equipment-cleaning-scrubbers,"Поломоечная машина Comet CPS 35 BX LI, аккумуляторная с АКБ и ЗУ",0
comet-cps-36-advance-by-aa8cd600,equipment-cleaning-scrubbers,"Поломоечная машина Comet CPS 36 ADVANCE BY, аккумуляторная без АКБ с ЗУ",0
comet-cps-36bx-794715ac,equipment-cleaning-scrubbers,"Поломоечная машина Comet CPS 36BX, аккумуляторная с АКБ и ЗУ",0
comet-cps-36e-230b-09589f01,equipment-cleaning-scrubbers,"Поломоечная машина Comet CPS 36E,(сетевая 230B)",0
comet-cps-45e-230b-f30e112a,equipment-cleaning-scrubbers,"Поломоечная машина Comet CPS 45E, (сетевая 230B)",0
comet-cps-50by-re-84e8f575,equipment-cleaning-scrubbers,"Поломоечная машина Comet CPS 50BY, аккумуляторная, без АКБ с ЗУ RE",0
comet-cps-50by-pro-free-evo-50-b-9acddda1,equipment-cleaning-scrubbers,Поломоечная машина Comet CPS 50BY- Pro Free Evo 50 B без АКБ и ЗУ,0
comet-crs-66bt-7c1de16b,equipment-cleaning-scrubbers,"Поломоечная машина Comet CRS 66BT, аккумуляторная, с местом для оператора , без АКБ и ЗУ",0
tor-jh-350-463883f3,equipment-cleaning-scrubbers,Поломоечная машина TOR JH-350(аккумуляторная),0
tor-jh-360-a17112b3,equipment-cleaning-scrubbers,Поломоечная машина TOR JH-360,0
tor-jh-360a-85f39c9d,equipment-cleaning-scrubbers,Поломоечная машина TOR JH-360A(аккумуляторная),0
tor-jh-400-b12d90ad,equipment-cleaning-scrubbers,Поломоечная машина TOR JH-400(аккумуляторная),0
tor-jh-410a-86770fd7,equipment-cleaning-scrubbers,Поломоечная машина TOR JH-410A (аккумуляторная),0
tor-jh-530-9d38075e,equipment-cleaning-scrubbers,Поломоечная машина TOR JH-530,0
tor-jh-530a-5a091091,equipment-cleaning-scrubbers,Поломоечная машина TOR JH-530A (аккумуляторная),0
or-jh-410-3971fdd4,equipment-cleaning-scrubbers,Поломоечная машина ТOR JH-410,0
tor-h100-3-100l2-4-3-220-1450-75-4274e28f,equipment-engines-electric,"TOR H100 3 кВт 100L2-4 (3кВт, 220В, 1450 об-мин,75 фланец, полый вал)-",0
tor-h112-14660-87-5-5-1450-2-1987e5ab,equipment-engines-electric,"TOR H112  14660 фланец 87 мм, 5.5 кВт, 1450 об-мин, полый вал (2 подшипника)",0
tor-h112-14685-75-5-5-1450-2-8be71de5,equipment-engines-electric,"TOR H112  14685 фланец 75 мм, 5.5 кВт, 1450 об-мин, полый вал (2 подшипника)",0
tor-h112-14550-87-5-5-1450-fd3d0651,equipment-engines-electric,"TOR H112 14550 Фланец 87мм (5.5 кВт, 1450 об-мин, полый вал)",0
tor-h112-14575-75-5-5-1450-45ceb174,equipment-engines-electric,"TOR H112 14575 Фланец 75мм (5.5 кВт, 1450 об-мин, полый вал)— копия",0
tor-h112-4-4-14440-75-4-4-75-1450-681faccb,equipment-engines-electric,"TOR H112 4.4 кВт 14440 Фланец 75мм (4.4 кВт,  фланец 75 мм1450 об-мин — копия",0
tor-h112-4-14400-4-380-75-1400-2159901e,equipment-engines-electric,"TOR H112 4кВт 14400 (4 кВт, 380В, фланец 75мм, 1400 об-мин)",0
tor-h112-5-28500-5-380-75-2800-2c78d5da,equipment-engines-electric,"TOR H112 5кВт 28500 (5кВт, 380В, фланец 75 мм, 2800 об-мин)",0
tor-h132-11-14800-11-380-1450-87-47222f4c,equipment-engines-electric,"TOR H132 11кВт 14800 (11кВт, 380В, 1450об-мин, фланец 87мм, полый вал)",0
tor-h132-7-5-14441-7-5-380-87-808b77ff,equipment-engines-electric,"TOR H132 7.5 кВт 14441 (7.5 кВт. 380В, фланец 87. полый вал)",0
tor-h132-7-5-14900-7-5-1450-2-99224927,equipment-engines-electric,"TOR H132 7.5кВт 14900 (7.5кВт, 1450 об-мин, полый вал, 2 подшипника)",0
tor-h132-9-14700-9-1450-87-96ebbd9d,equipment-engines-electric,"TOR H132 9кВт 14700 , 9 кВт 1450 об-мин, фланец 87мм, полый вал)",0
h100-hp-5-5-4p-ma-ac-kw4-4p-75-94d30c18,equipment-engines-electric,Мотор H100 HP 5.5 4P MA AC KW4 4P (межосевое расстояние 75мм),0
h100-hp-6-1-4p-b34-ma-kw4-4-4p-130-44058a36,equipment-engines-electric,"Мотор H100 HP 6.1 4P B34 MA KW4,4 4P   (межосевое расстояние 130мм)",0
h100-hp-6-1-4p-ma-ac-kw4-4-4p-75-e9dc75df,equipment-engines-electric,"Мотор H100 HP 6.1 4P MA AC KW4,4 4P (межосевое расстояние 75мм)",0
h112-hp-7-5-2p-ma-ac-kw-5-0-2p-75-30dc5ef9,equipment-engines-electric,"Мотор H112 HP 7.5 2P MA AC KW 5,0 2P      (межосевое расстояние 75мм)",0
h112-hp-7-5-4p-ma-ac-kw-5-5-4p-75-a9575a39,equipment-engines-electric,"Мотор H112 HP 7.5 4P MA AC KW 5,5 4P   (межосевое расстояние 75мм)",0
h112-hp-7-5-4p-ma-ac-kw-5-5-4p-87-7004dce0,equipment-engines-electric,"Мотор H112 HP 7.5 4P MA AC KW 5,5 4P  (межосевое расстояние 87мм)",0
h112-hp-7-5-4p-ma-ac-kw-5-5-4p-130-5fabbaa2,equipment-engines-electric,"Мотор H112 HP 7.5 4P MA AC KW 5,5 4P (внешний вал) (межосевое расстояние 130мм)",0
h112-hp-8-5-4p-ma-ac-kw-6-2-4p-87-fe5747ae,equipment-engines-electric,"Мотор H112 HP 8.5 4P MA AC KW 6,2 4P  (межосевое расстояние 87мм)",0
h132-s-hp-10-4p-ma-ac-kw-7-5-4p-87-197600c6,equipment-engines-electric,Мотор H132 S HP 10 4P MA AC KW 7.5 4P   (межосевое расстояние 87мм),0
h132l-hp-12-5-4p-ma-ac-kw-9-2-87-e519802d,equipment-engines-electric,"Мотор H132L HP 12.5 4P MA AC KW 9,2   (межосевое расстояние 87мм)",0
h160-s-hp-20-4p-ma-ac-kw-15-4p-87-6fe2c14b,equipment-engines-electric,Мотор H160 S HP 20 4P MA AC KW 15 4P   (межосевое расстояние 87мм),0
vela-11-e12d029d,equipment-engines-electric,Электродвигатель VELA 11 кВт,0
vela-15-75f8be7b,equipment-engines-electric,Электродвигатель VELA 15 кВт,0
vela-18-5-f4a57f17,equipment-engines-electric,Электродвигатель VELA 18.5 кВт,0
vela-2-2-75-ea7d331e,equipment-engines-electric,Электродвигатель VELA 2.2 кВт (фланец 75 мм),0
vela-2-2-87-9a177966,equipment-engines-electric,Электродвигатель VELA 2.2 кВт (фланец 87 мм),0
vela-22-81bd2806,equipment-engines-electric,Электродвигатель VELA 22 кВт,0
vela-3-230-e384bc67,equipment-engines-electric,Электродвигатель VELA 3 кВт (230В),0
vela-4-3e1e3743,equipment-engines-electric,Электродвигатель VELA 4 кВт,0
vela-4-230-1435-4c653af0,equipment-engines-electric,"Электродвигатель VELA 4 кВт (230В, 1435 об. мин)",0
vela-5-5-0adadd0d,equipment-engines-electric,"Электродвигатель VELA 5,5 кВт",0
vela-5-5-28-5356fa6e,equipment-engines-electric,Электродвигатель VELA 5.5 кВт внешний вал (28мм),0
vela-7-5ca03737,equipment-engines-electric,Электродвигатель VELA 7 кВт,0
vela-7-5-8c858fc8,equipment-engines-electric,Электродвигатель VELA 7.5 кВт,0
e3e2815-712ebfa1,equipment-engines-gas,E3E2815,0
loncin-lc175f-2-b18-type-d20-4f457141,equipment-engines-gas,Loncin LC175F-2 (B18 type) D20,0
loncin-lc192f-i-type-d25-4-0-6-d6333542,equipment-engines-gas,"Loncin LC192F (I type) D25,4 0,6А",0
loncin-lc196fd-d-type-d25-20a-3fad304b,equipment-engines-gas,Loncin LC196FD (D type) D25 20A,0
loncin-lc2v80fd-h-type-d25-20-44cd5d7f,equipment-engines-gas,Loncin LC2V80FD (H type) D25 20А ручной-электрозапуск,0
loncin-lc2v90fd-e-type-d28-575-20-22bcac75,equipment-engines-gas,Loncin LC2V90FD (E type) D28.575 20А Плоский фильтр,0
loncin-lc2v90fd-e-type-d28-575-20-d2472e65,equipment-engines-gas,Loncin LC2V90FD (E type) D28.575 20А цилиндрический фильтр,0
loncin-lf2v90f-ecc-28-575-6d7caaa2,equipment-engines-gas,"Loncin LF2V90F ECC, вал 28,575мм",0
lifan-170f-19-7-936e1d7a,equipment-engines-gas,"Двигатель Lifan 170F, вал Ø19 мм л.с. 7",0
lifan-190f-25-4-15-9c4ed709,equipment-engines-gas,"Двигатель Lifan 190F, вал Ø25.4 мм л.с. 15",0
lifan-kp460-192f-2t-25-640ad799,equipment-engines-gas,"Двигатель Lifan KP460 (192F-2T), вал Ø25 мм",0
lifan-kp460-25-4-7442f586,equipment-engines-gas,"Двигатель Lifan KP460, вал 25,4 мм",0
lifan-kp500e-ecc-25-7de8d6de,equipment-engines-gas,"Двигатель Lifan KP500E ECC, вал Ø25мм",0
annovi-reverberi-rrv-3-g27-d-34-ef8a6ab5,equipment-engines-gas,Насос Annovi Reverberi RRV 3 G27 D с фланцем 34,0
annovi-reverberi-rrv-4-g36-d-1-3cc3a56a,equipment-engines-gas,Насос Annovi Reverberi RRV 4 G36 D с фланцем 1”,0
annovi-reverberi-rrv-4-g40-h-d-1-d893fea5,equipment-engines-gas,Насос Annovi Reverberi RRV 4 G40 H D + фланец ø1”,0
annovi-reverberi-rxv-3-5-g30-d-f6f6d930,equipment-engines-gas,Насос Annovi Reverberi RXV 3.5 G30 D,0
bertolini-tmg-3535-8f54c5f0,equipment-engines-gas,Насос Bertolini TMG 3535,0
bertolini-tmg-3540-37a94a76,equipment-engines-gas,Насос Bertolini TMG 3540,0
bertolini-tmg-3555-eb0fc9c3,equipment-engines-gas,Насос Bertolini TMG 3555,0
bertolini-tmg-4040-e54ef622,equipment-engines-gas,Насос Bertolini TMG 4040,0
bertolini-wbg-2525-efb64065,equipment-engines-gas,Насос Bertolini WBG 2525,0
comet-awd-k-4030g-a243f74e,equipment-engines-gas,Насос Comet AWD-K 4030G,0
comet-axd-3025g-25de6279,equipment-engines-gas,Насос Comet AXD 3025G,0
comet-comet-vrx-2527-g-9-5186-3400-34-a34924c1,equipment-engines-gas,"Насос Comet Comet VRX 2527 G (9,5186) 3400 обмин.34”п.в",0
comet-ewd-k-4040-g-15ed13d7,equipment-engines-gas,Насос Comet EWD-K 4040 G,0
pulsar-fke1319-20-34-9c12c5e4,equipment-engines-gas,"Насос высокого давления Pulsar FKE1319 (Вал 20, фланцем 34)",0
pulsar-fke1825-25-4-1-cafa06b4,equipment-engines-gas,"Насос высокого давления Pulsar FKE1825 (Вал 25,4 , фланцем 1”)",0
bm-15-25-n-5b531306,equipment-engines-plunger,BM 15.25 N,0
bm-15-25-n-1-ba2b8789,equipment-engines-plunger,BM 15.25 N-1 (с аксессуарами),0
pulsar-fk1650r-16-5-500-87e76484,equipment-engines-plunger,"Pulsar FK1650R (16,5 лмин, 500 бар)",0
pulsar-fka5020r-50-200-ef17ea90,equipment-engines-plunger,"Pulsar FKA5020R (50 лмин, 200 бар)",0
pulsar-fka7415r-74-150-c9812aeb,equipment-engines-plunger,"Pulsar FKA7415R (74 лмин, макс 150 бар)",0
pulsar-fkbr2925-29-250-8341656a,equipment-engines-plunger,"Pulsar FKBR2925 (29 лмин, 250 бар)",0
pulsar-fkbr4020r-40-200-f818b539,equipment-engines-plunger,"Pulsar FKBR4020R (40 лмин, 200 бар)",0
pulsar-fkcr5015-50-150-14a5de91,equipment-engines-plunger,"Pulsar FKCR5015 (50 лмин, 150 бар)",0
pulsar-fkd1535r-15-4-350-951ba3b5,equipment-engines-plunger,"Pulsar FKD1535R (15.4 лмин, 350 бар)",0
pulsar-fkd1535rn-15-4-350-18ec5ef1,equipment-engines-plunger,"Pulsar FKD1535RN (15.4 лмин, 350 бар)",0
pulsar-fkd2035r-20-350-f23b88b4,equipment-engines-plunger,"Pulsar FKD2035R (20 лмин, 350 бар)",0
pulsar-fke1425r-3f04e3de,equipment-engines-plunger,Pulsar FKE1425R,0
pulsar-fke1525-f05-28-b9647cea,equipment-engines-plunger,Pulsar FKE1525-F05 (Вал 28),0
pulsar-fke1525r-0290367b,equipment-engines-plunger,Pulsar FKE1525R,0
pulsar-fke1525rn-68d62aaf,equipment-engines-plunger,Pulsar FKE1525RN,0
pulsar-fke1825r-f540386c,equipment-engines-plunger,Pulsar FKE1825R,0
pulsar-fker-0310-2897fbfd,equipment-engines-plunger,Pulsar FKER 0310,0
pulsar-fker-0610-8c32f719,equipment-engines-plunger,Pulsar FKER 0610,0
pulsar-fker-0910-61b4236e,equipment-engines-plunger,Pulsar FKER 0910,0
pulsar-fker-1115-2afa6f5c,equipment-engines-plunger,Pulsar FKER 1115,0
pulsar-jpbn-0510-dae5a383,equipment-engines-plunger,Pulsar JPBN 0510,0
pulsar-jpbn-0818-3fac8c9a,equipment-engines-plunger,Pulsar JPBN 0818,0
pulsar-jpbn-1114-215a8eb0,equipment-engines-plunger,Pulsar JPBN 1114,0
pulsar-jpbn-1120-2012ecf1,equipment-engines-plunger,Pulsar JPBN 1120,0
pulsar-jpbn-1320-6aa0cc17,equipment-engines-plunger,Pulsar JPBN 1320,0
pulsar-jpbn-1520-c48a0ac9,equipment-engines-plunger,Pulsar JPBN 1520,0
pulsar-jpbn-1910-2d40f699,equipment-engines-plunger,Pulsar JPBN 1910,0
pulsar-jpbn1520rn-92221935,equipment-engines-plunger,Pulsar JPBN1520RN,0
sje1525n-dffdfa29,equipment-engines-plunger,SJE1525N,0
sjf1807q-540e5382,equipment-engines-plunger,SJF1807Q,0
annovi-reverberi-rc-14-16-d-xn-bc3044a4,equipment-engines-plunger,Насос Annovi Reverberi RC 14.16 D XN,0
annovi-reverberi-rc-14-20-n-53c7700c,equipment-engines-plunger,Насос Annovi Reverberi RC 14.20 N,0
annovi-reverberi-rcs-13-17-n-a0803014,equipment-engines-plunger,Насос Annovi Reverberi RCS 13.17 N,0
annovi-reverberi-rr-15-20-b8f0d5f9,equipment-engines-plunger,Насос Annovi Reverberi RR 15.20,0
annovi-reverberi-rr-15-25-h-n-3c80eb63,equipment-engines-plunger,Насос Annovi Reverberi RR 15.25 H N,0
bertolini-tml-1220-d6affa7b,equipment-engines-plunger,Насос Bertolini TML 1220,0
bertolini-tml-1320-6bf8c5f0,equipment-engines-plunger,Насос Bertolini TML 1320,0
bertolini-tml-1520-84861b92,equipment-engines-plunger,Насос Bertolini TML 1520,0
bertolini-tml-1720-e5067757,equipment-engines-plunger,Насос Bertolini TML 1720,0
bertolini-tml-2020-b-c31968f2,equipment-engines-plunger,Насос Bertolini TML 2020-B,0
bertolini-tml-2420-br-f561fece,equipment-engines-plunger,Насос Bertolini TML 2420 BR,0
bertolini-tml-3016-9a8d5082,equipment-engines-plunger,Насос Bertolini TML 3016,0
bertolini-wbl-1016-256e9a2c,equipment-engines-plunger,Насос Bertolini WBL 1016,0
bertolini-wbl-1312-00a1c85d,equipment-engines-plunger,Насос Bertolini WBL 1312,0
bertolini-wbl-810-328d45df,equipment-engines-plunger,Насос Bertolini WBL 810,0
bertolini-wbl-816-af11efba,equipment-engines-plunger,Насос Bertolini WBL 816,0
hawk-nhd0412r-6166082c,equipment-engines-plunger,Насос Hawk NHD0412R,0
hawk-nhd0612r-6-120-53ce18f2,equipment-engines-plunger,"Насос Hawk NHD0612R (6 л.мин, 120 бар)",0
hawk-nhdp1420cw-car-wash-ea8e78af,equipment-engines-plunger,Насос Hawk NHDP1420CW Car Wash,0
hawk-nhdp1520cw-car-wash-08e55c73,equipment-engines-plunger,Насос Hawk NHDP1520CW Car Wash,0
hawk-nmt-1520-r-257b2084,equipment-engines-plunger,Насос Hawk NMT 1520 R,0
hawk-nmt-1520-rn-debb80ca,equipment-engines-plunger,Насос Hawk NMT 1520 RN,0
hawk-nmt-2120-r-de55bfaa,equipment-engines-plunger,Насос Hawk NMT 2120 R,0
hawk-nmt-2120-rn-c5eea0bd,equipment-engines-plunger,Насос Hawk NMT 2120 RN,0
tor-bm15-20n-b2d14c6e,equipment-engines-plunger,Насос TOR BM15.20N,0
tor-bm15-20n-1-8b2ab9f9,equipment-engines-plunger,Насос TOR BM15.20N-1 с регулятором и манометром,0
comet-cxd-2530g-9-1-207-3400-34-35dd5927,equipment-engines-plunger,"Насос плунжерный высокого давления Comet CXD 2530G (9,1.207бар) 3400 обмин.34” п.в",0
comet-fw2-4030-s-15-210-1450-24-2a53eefd,equipment-engines-plunger,Насос плунжерный высокого давления Comet FW2 4030 S (15.210бар) 1450 обмин.вал 24мм,0
comet-fw2-4040-s-15-300-1450-24-0e040d1e,equipment-engines-plunger,Насос плунжерный высокого давления Comet FW2 4040 S (15.300бар) 1450 обмин вал 24мм,0
comet-fw2-5530-s-21-210-1450-24-0769fc3b,equipment-engines-plunger,Насос плунжерный высокого давления Comet FW2 5530 S (21.210бар) 1450 обмин вал 24мм,0
comet-fw3-4030-s-15-210-1450-24-d6caf1ad,equipment-engines-plunger,Насос плунжерный высокого давления Comet FW3 4030 S (15.210бар) 1450 обмин.вал 24мм,0
comet-lw-3525-s-14-200-1450-24-79cb75cc,equipment-engines-plunger,Насос плунжерный высокого давления Comet LW 3525 S (14.200бар); 1450 обмин вал ø 24 мм,0
comet-lw-k-3525-s-14-200-1450-24-bypass-6619ea13,equipment-engines-plunger,Насос плунжерный высокого давления Comet LW-K 3525 S (14.200бар ) 1450 обмин вал 24 мм ByPass,0
comet-rw-4050-s-15-2-350-1450-24-0d20693c,equipment-engines-plunger,"Насос плунжерный высокого давления Comet RW 4050 S (15,2.350бар) 1450 обмин. вал 24мм",0
comet-rws-3535-s-14-240-1750-24-381d25b9,equipment-engines-plunger,Насос плунжерный высокого давления Comet RWS 3535 S (14.240бар) 1750 обмин. вал 24мм,0
comet-tw-10025-s-38-172-1450-24-216657a7,equipment-engines-plunger,Насос плунжерный высокого давления Comet TW 10025 S (38.172бар) 1450 обмин. вал 24мм,0
comet-tw-11025-s-42-5-172-1450-24-13ebe8fb,equipment-engines-plunger,"Насос плунжерный высокого давления Comet TW 11025 S (42,5.172бар) 1450 обмин. вал 24мм",0
comet-tw-13022-s-48-5-180-1450-24-1e873435,equipment-engines-plunger,"Насос плунжерный высокого давления Comet TW 13022 S (48,5.180бар) 1450 обмин. вал 24мм",0
comet-tw-14022-s-53-5-152-1450-24-d3436998,equipment-engines-plunger,"Насос плунжерный высокого давления Comet TW 14022 S (53,5.152бар) 1450 обмин. вал 24мм",0
comet-tw-4073-s-15-2-503-1450-30-71ffd7d3,equipment-engines-plunger,"Насос плунжерный высокого давления Comet TW 4073 S (15,2.503бар) 1450 обмин. вал 30мм",0
comet-zw-4030-s-15-207-1450-24-c77d5ee0,equipment-engines-plunger,Насос плунжерный высокого давления Comet ZW 4030 S (15.207) 1450 обмин. вал 24мм,0
ds-4020-8f6cd801,equipment-engines-plunger,Помпа DS 4020,0
ds-3025-184225ae,equipment-engines-plunger,Помпа DS-3025,0
ds-5215-d1fbbf43,equipment-engines-plunger,Помпа DS-5215,0
ds-7215-e29c9a1c,equipment-engines-plunger,Помпа DS-7215,0
ds1650-n24-e54106a8,equipment-engines-plunger,Помпа DS1650-N24,0
z-150-00f9777f,equipment-engines-plunger,Помпа Z-150,0
pulsar-cc48c3ee,equipment-engines-pumps-gas,Pulsar,0
annovi-reverberi-rhw-15-25h-85-0052982c,equipment-engines-pumps-gas,Насос Annovi Reverberi RHW 15.25H 85°С,0
bertolini-ral-1840-p-a78f8010,equipment-engines-pumps-gas,Насос Bertolini RAL 1840-P,0
bertolini-ral-2535-p-7c881b13,equipment-engines-pumps-gas,Насос Bertolini RAL 2535-P,0
bertolini-tml-1528hp-831d224a,equipment-engines-pumps-gas,Насос Bertolini TML 1528HP,0
bertolini-tml-2028-abddfedb,equipment-engines-pumps-gas,Насос Bertolini TML 2028-НР,0
hawk-nmt1520htr-85-c-26a89535,equipment-engines-pumps-gas,Насос Hawk NMT1520HTR 85 C°,0
hawk-nmt1820htr-85-c-471c87aa,equipment-engines-pumps-gas,Насос Hawk NMT1820HTR 85 C°,0
hawk-nmt2120htr-85-c-f1438f6a,equipment-engines-pumps-gas,Насос Hawk NMT2120HTR 85 C°,0
interpump-ht4715-85-c-0c19bad5,equipment-engines-pumps-gas,"Насос Interpump HT4715, 85 C°",0
interpump-ht4723-85-c-11bfa6dd,equipment-engines-pumps-gas,"Насос Interpump HT4723, 85 C°",0
comet-fw2-4030-s-15210-1450-nickel-head-85-c-24-71460b3f,equipment-engines-pumps-gas,Насос плунжерный высокого давления Comet FW2 4030 S (15210) 1450 обмин. nickel head 85°C вал 24мм,0
comet-fw2-5530-s-21210-1450-nickel-head-85-c-24-706855a5,equipment-engines-pumps-gas,Насос плунжерный высокого давления Comet FW2 5530 S (21210) 1450 обмин. nickel head 85°C вал 24мм,0
comet-zw-4030-s-15207-1450-85-c-24-6c3c3ccd,equipment-engines-pumps-gas,Насос плунжерный высокого давления Comet ZW 4030 S (15207) 1450 об.мин. 85 C° вал 24мм,0
100-m-sco100c-88fa36dd,equipment-foam,Пеногенератор 100 литров M-SCO100C,0
100-645b696c,equipment-foam,Пеногенератор 100л окрашенный без пистолета,0
24-aisi304-f34a4edc,equipment-foam,Пеногенератор 24л нерж. сталь AISI304 с пистолетом и шлангом,0
24-e163af58,equipment-foam,Пеногенератор 24л окрашеный без пистолета,0
25-m-sco25c-bceac428,equipment-foam,Пеногенератор 25 литров M-SCO25C,0
40-aisi304-5b2825dc,equipment-foam,Пеногенератор 40л нерж. сталь AISI304 с пистолетом и шлангом,0
50-m-sco50c-c472e685,equipment-foam,Пеногенератор 50 литров M-SCO50C,0
50-2dcfe3f7,equipment-foam,Пеногенератор 50л окрашенный (красный) без пистолета,0
m-sco150c-150-c3715657,equipment-foam,"Пеногенератор металлический красный M-SCO150C, 150 л",0
100-m-scx100c-4ed78b43,equipment-foam,Пеногенератор нержавеющая сталь 100 литров M-SCX100C,0
24-m-scx24c-172aa9f6,equipment-foam,Пеногенератор нержавеющая сталь 24 литра M-SCX24C,0
50-m-scx50c-ea26c7ae,equipment-foam,Пеногенератор нержавеющая сталь 50 литров M-SCX50C,0
akvilon-15250-hotbox-1b06b5e7,equipment-high-pressure-boilers,Бойлер нагрева воды AKVILON НВ 15250 HOTBOX,0
akvilon-25250-hotbox-b8b2d67e,equipment-high-pressure-boilers,Бойлер нагрева воды AKVILON НВ 25250 HOTBOX,0
comet-hb-200-hotbox-15200-230-50-8aebab3b,equipment-high-pressure-boilers,Выносной блок для нагрева воды Comet HB 200 HOTBOX 15200 230В 50Гц,0
comet-hb-350-hotbox-25350-230-50-922a9f8a,equipment-high-pressure-boilers,Выносной блок для нагрева воды Comet HB 350 HOTBOX 25350 230В 50Гц,0
lmz-15200-tk-bp-inox-box-ex-9e731208,equipment-high-pressure-explosion,Аппарат высокого давления взрывозащищённый LMZ 15200 TK BP Inox box EX,0
lmz-15250-tk-bp-inox-box-ex-9ebbd8e5,equipment-high-pressure-explosion,Аппарат высокого давления взрывозащищённый LMZ 15250 TK BP Inox box EX,0
lmz-16400-bp-ex-eb865f24,equipment-high-pressure-explosion,Аппарат высокого давления взрывозащищённый LMZ 16400 BP Ex,0
lmz-16500-bp-ex-a9813a85,equipment-high-pressure-explosion,Аппарат высокого давления взрывозащищённый LMZ 16500 BP Ex,0
lmz-18500-bp-ex-7c268dc3,equipment-high-pressure-explosion,Аппарат высокого давления взрывозащищённый LMZ 18500 BP Ex,0
lmz-22500-bp-ex-6e1819e0,equipment-high-pressure-explosion,Аппарат высокого давления взрывозащищённый LMZ 22500 BP Ex,0
lmz-23150-tk-bp-inox-box-ex-4b2e88ed,equipment-high-pressure-explosion,Аппарат высокого давления взрывозащищённый LMZ 23150 TK BP Inox box EX,0
lmz-23200-tk-bp-inox-box-ex-3a95f245,equipment-high-pressure-explosion,Аппарат высокого давления взрывозащищённый LMZ 23200 TK BP Inox box EX,0
lmz-30500-bp-ex-b89edbc6,equipment-high-pressure-explosion,Аппарат высокого давления взрывозащищённый LMZ 30500 BP Ex,0
bt-240v-3434960d,equipment-high-pressure-gas,Аппарат высокого давления с бензиновым двигателем BT-240V,0
bt-2900v-70ff7233,equipment-high-pressure-gas,Аппарат высокого давления с бензиновым двигателем BT-2900V,0
bxs3015-036111ae,equipment-high-pressure-gas,Аппарат высокого давления с бензиновым двигателем BXS3015,0
bxv1650-cb472daa,equipment-high-pressure-gas,Аппарат высокого давления с бензиновым двигателем BXV1650,0
bxv2235-746da729,equipment-high-pressure-gas,Аппарат высокого давления с бензиновым двигателем BXV2235,0
cqf1827-0d11605a,equipment-high-pressure-gas,Аппарат высокого давления с бензиновым двигателем CQF1827,0
akvilon-fdx-18250-086c8c8a,equipment-high-pressure-gas,Бензиновый аппарат высокого давления AKVILON FDX 18250,0
akvilon-fdx1319-13-180-6eebee9b,equipment-high-pressure-gas,"Бензиновый аппарат высокого давления AKVILON FDX1319 (13 лмин, 180 бар)",0
akvilon-cm-2030-g-1800-150-0feccb8b,equipment-high-pressure-gas,"Каналопромывочный аппарат с бензоприводом AKVILON CM 2030 G (1800 лч, 150 бар)",0
cm-2020-20-200-a7c96806,equipment-high-pressure-gas,"Каналопромывочный аппарат с бензоприводом CM 2020 (20 лмин , макс 200 бар)",0
akvilon-d-21200-61b18a1d,equipment-high-pressure-heated,Аппарат высокого давления AKVILON D 21200 с подогревом воды,0
akvilon-s-15200-6ddf5340,equipment-high-pressure-heated,Аппарат высокого давления AKVILON S 15200 с подогревом воды,0
akvilon-s14120-220-4ffb4fee,equipment-high-pressure-heated,Аппарат высокого давления AKVILON S14120 с подогревом воды на 220Вт,0
tor-kpc-h5-2515-d3ac8c69,equipment-high-pressure-heated,Аппарат высокого давления TOR KPC-H5 2515 с нагревом воды,0
an-149-tr-149-8-c10a9daf,equipment-high-pressure-household,"Аппарат Высокого Давления  AN-149-TR-149 (барабан, 8м шланг, манометр, материал помпы- силумин)",0
an-159-tr-159-8-3b732a83,equipment-high-pressure-household,"Аппарат Высокого Давления  AN-159-TR-159 (барабан, 8м шланг, манометр, материал помпы- латунь)",0
comet-kr-portable-total-stop-ce13cbbc,equipment-high-pressure-household,Минимойка высокого давления Comet KR Portable Total stop,0
comet-krm-1100-extra-total-stop-c3af6756,equipment-high-pressure-household,Минимойка высокого давления Comet KRM 1100 Extra Total stop,0
comet-krs-1300-extra-total-stop-514e3ac4,equipment-high-pressure-household,Минимойка высокого давления Comet KRS 1300 Extra Total stop,0
comet-kl-1400-classic-total-stop-29b3047f,equipment-high-pressure-household,Мойка высокого давления Comet KL 1400 Classic Total stop,0
comet-kl-1600-gold-classic-total-stop-b1a0d62b,equipment-high-pressure-household,Мойка высокого давления Comet KL 1600 GOLD Classic Total stop,0
comet-kls-1600-gold-extra-total-stop-59b6ecb2,equipment-high-pressure-household,Мойка высокого давления Comet KLS 1600 Gold Extra Total stop,0
comet-ks-1700-classic-total-stop-1acf43e5,equipment-high-pressure-household,Мойка высокого давления Comet KS 1700 Classic Total stop,0
comet-ksx-1950-gold-extra-7a69ff5b,equipment-high-pressure-household,Мойка высокого давления Comet KSX 1950 Gold Extra,0
comet-static-1700-classic-total-stop-bc990f4c,equipment-high-pressure-household,Мойка высокого давления Comet STATIC 1700 Classic Total stop,0
akvilon-f5-12150-ts-220v-c-63ac22e1,equipment-high-pressure-mobile,Аппарат высокого давления AKVILON F5 12150 TS 220V c барабаном,0
akvilon-fmt-15200-rr-bay-pass-fbd94c68,equipment-high-pressure-mobile,Аппарат высокого давления AKVILON FMT 15200 RR Bay-pass,0
akvilon-fmt-23200-200-tk-ts-092e0a59,equipment-high-pressure-mobile,Аппарат высокого давления AKVILON FMT 23200 (200 бар) TK TS с барабаном,0
akvilon-ft-12150-ts-220-4e1957a4,equipment-high-pressure-mobile,Аппарат высокого давления AKVILON FT 12150 TS 220 Вт,0
akvilon-ft-12150-ts-c1bfbf09,equipment-high-pressure-mobile,Аппарат высокого давления AKVILON FT 12150 TS в комплекте РВД+пенокомплект,0
akvilon-ft-15200-200-tk-ts-52f5fb37,equipment-high-pressure-mobile,Аппарат высокого давления AKVILON FT 15200 (200 бар) TK TS,0
bt-1520b3-3ad5ba5e,equipment-high-pressure-mobile,Мобильный аппарат высокого давления BT-1520B3,0
bt-1525b3-9aa14b15,equipment-high-pressure-mobile,Мобильный аппарат высокого давления BT-1525B3,0
fs-1535-2f042d71,equipment-high-pressure-mobile,Мобильный аппарат высокого давления FS-1535,0
titan-cm-1511-220-bypass-678dadeb,equipment-high-pressure-mobile,Мобильный аппарат высокого давления TITAN CM 1511 (220В) ByPass,0
titan-cm-2014-bypass-9d9acf08,equipment-high-pressure-mobile,Мобильный аппарат высокого давления TITAN CM 2014 ByPass,0
titan-cm-2015-bfcb56ba,equipment-high-pressure-mobile,Мобильный аппарат высокого давления TITAN CM 2015,0
titan-cm-2021-36f0c12a,equipment-high-pressure-mobile,Мобильный аппарат высокого давления TITAN CM 2021,0
titan-cm-3515-bypass-b2addb8d,equipment-high-pressure-mobile,Мобильный аппарат высокого давления TITAN CM 3515 ByPass,0
titan-cm-5015-39b74667,equipment-high-pressure-mobile,Мобильный аппарат высокого давления TITAN CM 5015,0
zm-2115-0e43c656,equipment-high-pressure-mobile,Мобильный аппарат высокого давления ZM-2115М,0
zm-2615m-0cfbaa2d,equipment-high-pressure-mobile,Мобильный аппарат высокого давления ZM-2615M,0
zm-3020-0537c052,equipment-high-pressure-mobile,Мобильный аппарат высокого давления ZM-3020,0
zm-5022-5bc5a4aa,equipment-high-pressure-mobile,Мобильный аппарат высокого давления ZM-5022,0
tor-cem1315-2-9d67e493,equipment-high-pressure-mobile,Мойка высокого давления TOR CEM1315-2,0
tor-cew1014-bc7c4709,equipment-high-pressure-mobile,Мойка высокого давления TOR CEW1014,0
annovi-reverberi-m-1511-220-96a0aaa7,equipment-high-pressure-monoblock,Аппарат высокого давления Annovi Reverberi M 1511 (220В),0
annovi-reverberi-m-1614-9d7fd082,equipment-high-pressure-monoblock,Аппарат высокого давления Annovi Reverberi M 1614,0
annovi-reverberi-m-2014-a9e598ce,equipment-high-pressure-monoblock,Аппарат высокого давления Annovi Reverberi M 2014,0
annovi-reverberi-m-2015-2440d194,equipment-high-pressure-monoblock,Аппарат высокого давления Annovi Reverberi M 2015,0
bertolini-m-15-200-b57d5328,equipment-high-pressure-monoblock,Аппарат высокого давления BERTOLINI M 15.200,0
hawk-m-21-200-1b7e4c8e,equipment-high-pressure-monoblock,Аппарат высокого давления HAWK M 21.200,0
hawk-m-15-200-c36e9ca7,equipment-high-pressure-monoblock,Аппарат высокого давления Hawk M 15.200,0
interpump-m-15-250-45b68cd8,equipment-high-pressure-monoblock,Аппарат высокого давления INTERPUMP M 15.250,0
interpump-m-10-130-220-dd0842c5,equipment-high-pressure-monoblock,Аппарат высокого давления Interpump M 10.130 (220 вольт),0
interpump-m-13-180-35afa879,equipment-high-pressure-monoblock,Аппарат высокого давления Interpump M 13.180,0
interpump-m-14-200-509b5145,equipment-high-pressure-monoblock,Аппарат высокого давления Interpump M 14.200,0
interpump-m-15-200-ffdf26c2,equipment-high-pressure-monoblock,Аппарат высокого давления Interpump M 15.200,0
mazzoni-m-15-200-7833aab6,equipment-high-pressure-monoblock,Аппарат высокого давления Mazzoni M 15.200,0
mazzoni-m-15-250-a180f703,equipment-high-pressure-monoblock,Аппарат высокого давления Mazzoni M 15.250,0
mazzoni-m-18-200-9bda0f6d,equipment-high-pressure-monoblock,Аппарат высокого давления Mazzoni M 18.200,0
mazzoni-m-21-200-8d4434c7,equipment-high-pressure-monoblock,Аппарат высокого давления Mazzoni M 21.200,0
titan-m-11-150-220-ba5011b2,equipment-high-pressure-monoblock,Аппарат высокого давления TITAN M 11.150 (220В),0
titan-m-14-200-78b05a19,equipment-high-pressure-monoblock,Аппарат высокого давления TITAN M 14.200,0
titan-m-15-200-f9043bae,equipment-high-pressure-monoblock,Аппарат высокого давления TITAN M 15.200,0
titan-m-15-350-c3f92d2d,equipment-high-pressure-monoblock,Аппарат высокого давления TITAN M 15.350,0
titan-m-15-500-9470887c,equipment-high-pressure-monoblock,Аппарат высокого давления TITAN M 15.500,0
titan-m-21-200-5ff8aeef,equipment-high-pressure-monoblock,Аппарат высокого давления TITAN M 21.200,0
hawk-m-15-150-ht-85-ad9feb13,equipment-high-pressure-monoblock,Аппарат для горячей воды HAWK M 15.150 HT до 85 °,0
mtp-ax-1-70-0-5-220-e2c769d5,equipment-high-pressure-monoblock,"Насос плунжерный MTP AX (1.70бар) с эл. двигателем 0,5 Квт 220 В",0
mtp-ax-2-70-0-7-220-10ea094f,equipment-high-pressure-monoblock,"Насос плунжерный MTP AX (2.70бар) с эл. двигателем 0,7 Квт 220 В",0
mtp-ax-4-100-1-0-220-3181e3f0,equipment-high-pressure-monoblock,"Насос плунжерный MTP AX (4.100бар) с эл. двигателем 1,0 Квт 220 В",0
mtp-ax-6-70-1-0-220-be03cc5f,equipment-high-pressure-monoblock,"Насос плунжерный MTP AX (6.70бар) с эл. двигателем 1,0 Квт 220 В",0
mtp-ksr-1700-9-130-tsi-2-3-220-ab16e471,equipment-high-pressure-monoblock,"Насос плунжерный MTP KSR 1700 (9.130бар) TSI с эл. двигателем 2,3 Квт 220 В",0
mtp-lw-1-70-0-3-220-e3b9b061,equipment-high-pressure-monoblock,"Насос плунжерный MTP LW (1.70бар) с эл. двигателем 0,3 кВт 220 В",0
mtp-lw-4-100-0-8-220-e93550af,equipment-high-pressure-monoblock,"Насос плунжерный MTP LW (4.100бар) с эл. двигателем 0,8 кВт 220 В",0
akvilon-f1-14160-rc-ts-d86ad2b2,equipment-high-pressure-stationary,Аппарат высокого давления AKVILON F1 14160 RC TS,0
akvilon-f1-15-200-tk-bp-3c8197a8,equipment-high-pressure-stationary,Аппарат высокого давления AKVILON F1 15-200 TK BP,0
akvilon-f1-15200-ibox-rr-edcdd89c,equipment-high-pressure-stationary,Аппарат высокого давления AKVILON F1 15200 Ibox RR,0
akvilon-fm1-15200-ibox-tk-71bf307c,equipment-high-pressure-stationary,Аппарат высокого давления AKVILON FM1 15200 Ibox TK,0
akvilon-fm1-15200-rr-ts-a199af9a,equipment-high-pressure-stationary,Аппарат высокого давления AKVILON FM1 15200 RR TS,0
akvilon-fm1-15200-rr-ts-0747c942,equipment-high-pressure-stationary,Аппарат высокого давления AKVILON FM1 15200 RR TS в комплекте РВД+пистолет в сборе,0
akvilon-fm1-15250-ts-7-5kw-ae85f979,equipment-high-pressure-stationary,"Аппарат высокого давления AKVILON FM1 15250 TS 7,5kw",0
hawk-fx-15200-678ee75c,equipment-high-pressure-stationary,Аппарат высокого давления Hawk FX 15200,0
hawk-fx-21200-19fb1122,equipment-high-pressure-stationary,Аппарат высокого давления Hawk FX 21200,0
k-1520b3-f2c9bf22,equipment-high-pressure-stationary,Аппарат высокого давления K-1520B3,0
bertolini-fx-15200-7732abf4,equipment-high-pressure-stationary,аппарат высокого давления BERTOLINI FX 15200,0
comet-fx-15200-38189a81,equipment-high-pressure-stationary,аппарат высокого давления Comet FX 15200,0
interpump-fx-14200-439ced0e,equipment-high-pressure-stationary,аппарат высокого давления INTERPUMP FX 14200,0
interpump-fx-15200-374b6a30,equipment-high-pressure-stationary,аппарат высокого давления INTERPUMP FX 15200,0
interpump-fx-15250-630e6377,equipment-high-pressure-stationary,аппарат высокого давления INTERPUMP FX 15250,0
k-1525b3-0d146c72,equipment-high-pressure-stationary,аппарат высокого давления K-1525B3,0
mazzoni-fx-15200-71b9c18a,equipment-high-pressure-stationary,аппарат высокого давления Mazzoni FX 15200,0
mazzoni-fx-15250-8993c310,equipment-high-pressure-stationary,аппарат высокого давления Mazzoni FX 15250,0
mazzoni-fx-18200-1fd0322f,equipment-high-pressure-stationary,аппарат высокого давления Mazzoni FX 18200,0
titan-fx-11150-c7551d88,equipment-high-pressure-stationary,аппарат высокого давления TITAN FX 11150,0
titan-fx-14200-f24e2359,equipment-high-pressure-stationary,аппарат высокого давления TITAN FX 14200,0
titan-fx-15200-570e5ba2,equipment-high-pressure-stationary,аппарат высокого давления TITAN FX 15200,0
titan-fx-15350-724dc7db,equipment-high-pressure-stationary,аппарат высокого давления TITAN FX 15350,0
titan-fx-15500-4d65e8bf,equipment-high-pressure-stationary,аппарат высокого давления TITAN FX 15500,0
titan-fx-21200-1b5e8f75,equipment-high-pressure-stationary,аппарат высокого давления TITAN FX 21200,0
mazzoni-fx-21200-a0015a65,equipment-high-pressure-stationary,аппарат высокого давления серии Mazzoni FX 21200,0
hawk-fx-15150-bpts-ht-85-1f973736,equipment-high-pressure-stationary,аппарат для горячей воды HAWK FX 15150 BPTS HT до 85°,0
comet-csw-700-b-12-0-7-2f27c9de,equipment-sweepers-sweepers,"Подметальная машина Comet CSW 700 B 12 В 0,7 кВт без АКБ и ЗУ",0
comet-csw-700-g-honda-995beb58,equipment-sweepers-sweepers,Подметальная машина Comet CSW 700 G двигателем Honda,0
comet-cws-950-mf-7cdc5674,equipment-sweepers-sweepers,Подметальная машина Comet CWS 950 MF,0
jh-960t-fb24bd2c,equipment-sweepers-sweepers,Подметальная машина JH-960T (механическая) с системой воздушной фильтрации,0
tor-jh-960t-6d5ac450,equipment-sweepers-sweepers,Подметательная машина TOR JH-960T,0
tor-sj1000-c8e6adcc,equipment-sweepers-sweepers,Подметательная машина TOR SJ1000,0
cb-wvc-02-1600-1c8e56f4,equipment-vacuums-dryclean,CB WVC-02 Моющий пылесос химчистка экстрактор 1600 Вт,0
lc-30sc-ga-2f5e2e30,equipment-vacuums-dryclean,LC-30SC GA,0
lc-40sc-ga-c9d992bb,equipment-vacuums-dryclean,LC-40SC GA,0
mec-atlas-2-78-20-4bb09fd3,equipment-vacuums-dryclean,"MEC ATLAS Ковровый экстрактор с тележкой, мет. бак,2 турб, 78 л, бак для химии20 л",0
soteco-tornado-gs262ext-ga-ad2c0a51,equipment-vacuums-dryclean,Soteco Tornado GS262EXT GA (автомобильная комплектация),0
elsea-estro-ewpv250-6852406e,equipment-vacuums-dryclean,Моющий пылесос Elsea Estro EWPV250,0
elsea-estro-ewpv330-1103e3cd,equipment-vacuums-dryclean,Моющий пылесос Elsea Estro EWPV330,0
elsea-estro-wiv-125-cd2b4e65,equipment-vacuums-dryclean,Моющий пылесос Elsea Estro WIV 125 Бак из нерж. стали,0
elsea-estro-wpv-125-8c74dee5,equipment-vacuums-dryclean,Моющий пылесос Elsea Estro WPV 125,0
elsea-estro-wpv110-bcab7de0,equipment-vacuums-dryclean,Моющий пылесос Elsea Estro WPV110,0
soteco-clean-2b2d3f59,equipment-vacuums-dryclean,Моющий пылесос Soteco CLEAN,0
soteco-idroclean-798bdafd,equipment-vacuums-dryclean,Моющий пылесос Soteco IDROCLEAN,0
soteco-tornado-200-e50bd1cf,equipment-vacuums-dryclean,Моющий пылесос Soteco Tornado 200 (полная комплектация),0
soteco-tornado-200-idro-5893c8d6,equipment-vacuums-dryclean,Моющий пылесос Soteco Tornado 200 IDRO,0
soteco-tornado-300-inox-a7b8ee4f,equipment-vacuums-dryclean,Моющий пылесос Soteco Tornado 300 Inox,0
soteco-tornado-700-inox-76b97590,equipment-vacuums-dryclean,Моющий пылесос Soteco Tornado 700 Inox,0
soteco-tornado-gamma-300-0e6dfc2e,equipment-vacuums-dryclean,Моющий пылесос Soteco Tornado GAMMA 300,0
cvc-150-xh-1-50-220-1400-556f7f81,equipment-vacuums-dryclean,Пылеводосос экстрактор Сомет CVC 150 XH; 1- турбина; бак 50л нерж; 220В; 1400Вт,0
cvc-278-xh-2-78-220-2200-510e955b,equipment-vacuums-dryclean,Пылеводосос экстрактор Сомет CVC 278 XH; 2- турбины; бак 78л (нерж); 220В; 2200Вт,0
gbp-20-pro-20-220-1400-ce2d4f15,equipment-vacuums-dryclean,Пылеводосос экстрактор Сомет GBP 20 Pro (с патронным фильтром); бак 20 л; 220В; 1400 Вт,0
tb228s-30l-563761b1,equipment-vacuums-dryclean,Химчистка TB228S-30L,0
zn1101-20-l-plast-abefadae,equipment-vacuums-dryclean,Химчистка ZN1101-20 L PLAST,0
zn1905cc-20l-inox-4e02a0b7,equipment-vacuums-dryclean,Химчистка ZN1905CC-20L INOX,0
hcl-002-e32cd706,equipment-vacuums-tornador,Торнадор для сухой экспресс-химчистки HCL-002,0
hcl-11-c3f8a87a,equipment-vacuums-tornador,Торнадор для химчистки HCL-11,0
tr-01-ab923d28,equipment-vacuums-tornador,Торнадор для химчистки TR-01,0
tr-02-23261e56,equipment-vacuums-tornador,Торнадор для химчистки TR-02,0
tornado-10-3f57987a,equipment-vacuums-tornador,Торнадор для химчистки Tornado С-10,0
tornado-20-d4497e16,equipment-vacuums-tornador,Торнадор для химчистки Tornado С-20,0
tornado-20-turbo-2f367c39,equipment-vacuums-tornador,Торнадор для химчистки Tornado С-20 TURBO,0
lt-34-2-5a3de5be,equipment-vacuums-tornador,Торнадор для экспресс химчистки LT-34-2,0
tor-24a0d4fa,equipment-vacuums-turbodry,Турбосушка TOR,0
2-4000-bce3ad9d,equipment-vacuums-turbodry,Турбосушка ОБДУВКА 2-х турбинная 4000 Ватт,0
exel-wp330-c36ad5c8,equipment-vacuums-wetdry,EXEL WP330 Водопылесос (полная комплектация),0
elsea-ares-wet-dry-wp110-a5df8505,equipment-vacuums-wetdry,Elsea ARES WET & DRY WP110,0
elsea-ares-wet-dry-wi110-901ff059,equipment-vacuums-wetdry,Elsea ARES WET&DRY WI110,0
elsea-ares-plus-wi-125-341683b0,equipment-vacuums-wetdry,Elsea Ares Plus WI 125,0
elsea-ares-plus-wp-125-be7b22ac,equipment-vacuums-wetdry,Elsea Ares Plus WP 125,0
elsea-exel-wi220-2-df181ddb,equipment-vacuums-wetdry,Elsea EXEL WI220 2-х турбинный,0
elsea-exel-wi330-3-6cb02286,equipment-vacuums-wetdry,Elsea EXEL WI330 3-х турбинный,0
elsea-exel-wp220-2-53f4ede4,equipment-vacuums-wetdry,Elsea EXEL WP220 2-х турбинный,0
elsea-exel-wp330-3-148c7261,equipment-vacuums-wetdry,Elsea EXEL WP330 3-х турбинный,0
soteco-mec-wd-623-sg-4145eac8,equipment-vacuums-wetdry,Soteco MEC WD 623 SG,0
soteco-panda-215-inox-5e7c22f8,equipment-vacuums-wetdry,Soteco Panda 215 INOX,0
soteco-panda-429-ga-xp-inox-c269d68a,equipment-vacuums-wetdry,Soteco Panda 429 GA XP INOX,0
soteco-panda-429-ga-xp-inox-carwash-81001317,equipment-vacuums-wetdry,Soteco Panda 429 GA XP INOX Carwash БЕЗ АКСЕССУАРОВ,0
soteco-panda-429-ga-xp-plast-2435cb80,equipment-vacuums-wetdry,Soteco Panda 429 GA XP PLAST,0
soteco-panda-429-ga-xp-plast-carwash-d6830078,equipment-vacuums-wetdry,Soteco Panda 429 GA XP Plast Carwash БЕЗ АКСЕССУАРОВ,0
soteco-panda-429m-ga-xp-inox-7080b245,equipment-vacuums-wetdry,Soteco Panda 429M GA XP INOX,0
soteco-panda-429m-ga-xp-plast-36a1f439,equipment-vacuums-wetdry,Soteco Panda 429M GA XP PLAST,0
soteco-panda-440-ga-xp-inox-a41df71d,equipment-vacuums-wetdry,Soteco Panda 440 GA XP INOX,0
soteco-panda-440-ga-xp-inox-carwash-d4e14b05,equipment-vacuums-wetdry,Soteco Panda 440 GA XP INOX Carwash БЕЗ АКСЕССУАРОВ,0
soteco-panda-440-ga-xp-plast-006a253b,equipment-vacuums-wetdry,Soteco Panda 440 GA XP PLAST,0
soteco-panda-440-ga-xp-plast-carwash-497ffe10,equipment-vacuums-wetdry,Soteco Panda 440 GA XP Plast Carwash БЕЗ АКСЕССУАРОВ,0
soteco-panda-440m-ga-xp-inox-ee07bae7,equipment-vacuums-wetdry,Soteco Panda 440M GA XP INOX,0
soteco-panda-440m-ga-xp-plast-44d51d7c,equipment-vacuums-wetdry,Soteco Panda 440M GA XP PLAST,0
soteco-panda-515-xp-plast-1d7b0a8f,equipment-vacuums-wetdry,Soteco Panda 515 XP PLAST,0
soteco-panda-51526-xp-inox-594fa220,equipment-vacuums-wetdry,Soteco Panda 51526 XP INOX,0
soteco-panda-51533-xp-inox-5594e256,equipment-vacuums-wetdry,Soteco Panda 51533 XP INOX,0
soteco-panda-623-inox-05213e6b,equipment-vacuums-wetdry,Soteco Panda 623 INOX,0
soteco-panda-633-inox-9b938f92,equipment-vacuums-wetdry,Soteco Panda 633 INOX,0
soteco-panda-ap-123-w-d-f789dad2,equipment-vacuums-wetdry,Soteco Panda AP 123 W&D,0
soteco-panda-as-123-w-d-2e1bb4a9,equipment-vacuums-wetdry,Soteco Panda AS 123 W&D,0
soteco-tornado-429-flowmix-inox-06b98718,equipment-vacuums-wetdry,Soteco Tornado 429 FLOWMIX Inox,0
soteco-tornado-planet-150-opt-d7e86f51,equipment-vacuums-wetdry,Soteco Tornado PLANET 150 OPT,0
soteco-tornado-yvo-wet-6edb07d4,equipment-vacuums-wetdry,Soteco Tornado YVO WET,0
soteco-ys-120-w-d-9a5fbedd,equipment-vacuums-wetdry,Soteco YS 120 W&D,0
tb019-160l-1d96b878,equipment-vacuums-wetdry,Водопылесос TB019-160L,0
tb306-15l-44f2d01f,equipment-vacuums-wetdry,Водопылесос TB306-15L,0
tb320-60l-2p-277bdb2a,equipment-vacuums-wetdry,Водопылесос TB320-60L-2P,0
tb320-60l-3p-320f4c1c,equipment-vacuums-wetdry,Водопылесос TB320-60L-3P,0
tb917-20l-05497783,equipment-vacuums-wetdry,Водопылесос TB917-20L,0
tb917-30l-99ab91b2,equipment-vacuums-wetdry,Водопылесос TB917-30L,0
zn2003-2-60l-40cdefc7,equipment-vacuums-wetdry,Водопылесос ZN2003-2-60L,0
zn2003-3-60l-cb0dd9b5,equipment-vacuums-wetdry,Водопылесос ZN2003-3-60L,0
met-cm-20-s-1-20-1200-c5b51886,equipment-vacuums-wetdry,"Пылесос для сухой и влажной убоки Соmet CM 20 S,1 турбина, бак 20л (сталь),1200Вт",0
1-15-1000-70e82510,equipment-vacuums-wetdry,"Пылесос для сухой и влажной уборки Комета 1 турб., бак 15л,нерж сталь, 1000Вт, полная комплектация",0
3-70-3000-4e3bf2b4,equipment-vacuums-wetdry,"Пылесос для сухой и влажной уборки Комета 3 турб., бак 70л, 3000Вт, полная комплектация",0
met-cm-30-s-4-1-1-14-14-1200-8bbc4801,equipment-vacuums-wetdry,"Пылесос для сухой и влажной уборки Соmet CM 30 S; 4 в 1, 1 турбина, бак 14+14 л (сталь), 1200Вт",0
met-cv-30-xe-1-30-1600-a581d3f3,equipment-vacuums-wetdry,"Пылесос для сухой и влажной уборки Соmet CV 30 XE, 1 турбина, бак 30л, розетка для инстр, 1600Вт",0
met-cvp-120-x-1-20-1400-1be76b0c,equipment-vacuums-wetdry,"Пылесос для сухой и влажной уборки Соmet CVP 120 X, 1 турбина, бак 20л (нерж), 1400Вт",0
met-cvp-130-x-1-30-1400-63c27fbd,equipment-vacuums-wetdry,"Пылесос для сухой и влажной уборки Соmet CVP 130 X, 1 турбина, бак 30л (нерж), 1400Вт",0
met-cvp-378-pbh-3-78-3600-b784e3fd,equipment-vacuums-wetdry,"Пылесос для сухой и влажной уборки Соmet CVP 378 PBH, 3 турбины, бак 78л (пласт), 3600Вт",0
met-cvp-378-xbh-3-78-3600-26b96dce,equipment-vacuums-wetdry,"Пылесос для сухой и влажной уборки Соmet CVP 378 XBH, 3 турбины, бак 78л (нерж), 3600Вт",0
item-5407167b,equipment-wash-accessories,Рукомойники для автомоек(+),0
akvilon-22-5d68ac25,equipment-wash-accessories-canisters,Держатель канистр AKVILON 22кг нж,0
item-2dd14369,equipment-wash-accessories-car-stands,Подставка для мойки автомобиля(+),0
15-1-5-aisi304-1-ed905e13,equipment-wash-accessories-high-pressure-lines,"Труба высокого давления нж 15х1,5мм AISI304 (1м)",0
40-dec31dca,equipment-wash-accessories-hose-holders,Держатель шланга 40м для автомойки,0
item-a49954b4,equipment-wash-accessories-mat-holders,Держатели автомобильных ковриков для автомойки(узкие)(+),0
item-b1918a2d,equipment-wash-accessories-mat-holders,Держатели ковриков стенд НЖ,0
item-ca8f6202,equipment-wash-accessories-mat-holders,Держатель ковриков стенд НЖ двойной,0
150-a3220fcd,equipment-wash-accessories-reels,Барабан на тележке 150м,0
100-2sn8-fc275e4c,equipment-wash-accessories-reels,Барабан ручной для шланга высокого давления 100м 2sn8 с поворотным фитингом,0
50-2sn8-7c25ee1a,equipment-wash-accessories-reels,Барабан ручной для шланга высокого давления 50м 2sn8  с поворотным фитингом,0
100-400-1-4-d2382813,equipment-wash-accessories-reels,"Ручной барабан нж для РВД 100м, Гидроарсенал, с поворотным фитингом 400 бар 1-4г",0
50-400-1-4-de74ece1,equipment-wash-accessories-reels,"Ручной барабан нж для РВД 50м, с поворотным фитингом 400 бар 1-4г",0
item-0f0d5ba3,equipment-wash-accessories-shelves,Полка из нержавеющей стали (узкая),0
gidra-vc-500-2200-180-97c5b629,equipment-wash-accessories-swivel-parts,Консоль для пылесоса Gidra VC 500-2200 (180гр),0
gidra-1600z-61d2b14e,equipment-wash-accessories-swivel-parts,Консоль изогнутая Gidra 1600Z,0
gidra-1700-be0c7950,equipment-wash-accessories-swivel-parts,Консоль наклонная Gidra 1700,0
gidra-1700-a7126109,equipment-wash-accessories-swivel-parts,Консоль поворотная Gidra 1700,0
gidra-2000-c2cba43b,equipment-wash-accessories-swivel-parts,Консоль прямая Gidra 2000,0
gidra-2200-3000mm-da0d4083,equipment-wash-accessories-swivel-parts,Консоль усиленная Gidra 2200-3000mm,0
aisi-304-67da9321,equipment-wash-accessories-swivel-parts,Поворотный кронштейн AISI 304 для шланга турбосушки,0